Link,Title,Location,Salary,Summary
https://kr.indeed.com/viewjob?jk=c39d18040425ef53,PostgreSQL 운영 및 데이터베이스 관리자 모집,카카오 4.0 성남 판교역,,"청하고 잘 이해하는 분 Database 운영 유경험자 ( PostgreSQL 운영 경험이 있으신 분 우대) python, go, bash 등 개발 경험이 있는 분 우대 클라우드 환경의 DB시스템 구축 및 운영 경험이 있는 분..."
https://kr.indeed.com/viewjob?jk=010d38b18b07b6bb,데이터 분야 경력,LG CNS 3.7 서울,,"해가 뛰어난 자 - R, Python, SAS, SQL 등 활용 역량 우대사항(해당 내용 중 1개 이상) - ML/DL 경험 인력 우대 - 관련 분야 석사 이상 학위 소지자 우대 - R, Python등 데이터분석 모델링 경험..."
https://kr.indeed.com/viewjob?jk=96688eea9c1a9e28,Security Engineer (취약점 분석),Toss 서울 강남구,,"# 자격 요건 - 모의해킹 및 취약점 점검 경력이 있는 분 - 소스 코드 정적 취약점 점검에 능숙한 분 - Python, C, C++, JAVA 중 프로그래밍 언어에 능숙한 분 # 우대 사항 - 국내 또는 국외 버그 바운티..."
https://kr.indeed.com/viewjob?jk=dfe4f3638b0d10d2,블록체인 센터 백엔드 개발자 (경력),네오위즈 대한민국,,"센터 백엔드 개발자 (경력) 담당업무 블록체인을 이용한 서비스의 백엔드 설계 및 개발 자격요건 - Python/Node.js/Java 중 1가지 이상의 언어로, 서비스를 개발하는 것에 익숙한 분 - Restful API..."
https://kr.indeed.com/viewjob?jk=be95b5718905880f,AI/빅데이터/클라우드 분야 (인재 Pool),LG유플러스 3.8 서울,,"Science를 위한 언어(R/ Python) 및 Tool(scikit-learn/Tensorflow 등) 능숙자 . Deep Learning Model 구현 경험자 . Java, Python등을 이용하여 분석을 위한 Data..."
https://kr.indeed.com/viewjob?jk=69ab0f58743cb713,21년 전문연구요원 (AI엔지니어),Nexon 성남 분당구,,"대상자 - 병역의무가 없거나 면제된 분, 병역의 의무를 마치신 분은 본 공고의 대상에서 제외됨 - Python에 숙련된 프로그래밍 능력과 머신러닝 라이브러리 활용 경험 - 머신러닝과 강화학습에 관련된 지식 습득 혹은..."
https://kr.indeed.com/viewjob?jk=46975ee759c13b8a,데이터 분석/처리 플랫폼 개발,NHN 4.4 성남 판교역,,"데이터 수집, 처리 및 지표 분석 경험 - 데이터 기반의 문제해결 역량 및 논리적 사고 - Java, Python, Scala 중 최소 1가지 언어를 이용한 데이터 분석 및 소프트웨어 개발 역량 - 통계분석..."
https://kr.indeed.com/viewjob?jk=649ccf047c868778,"금융 데이터 분석 엔진, 로보어드바이저 개발자",에스비씨엔 서울 영등포구,,"시스템, 머신러닝, 자연어처리. 패턴분석 - 다음 언어에서 최소 한 가지 이상 능숙자: Java, C++, Python, JavaScript 우대사항 - 석사이상 컴퓨터공학 (Computer Science) 분야 또는..."
https://kr.indeed.com/viewjob?jk=9a818d9d91db847d,Data Analytics SA,Amazon Web Services Korea LLC 서울,,"some relevant languages, tools and frameworks (e.g python, Java, R, scala, spark, Kafka, Hadoop ecosystem, presto, Hive..."
https://kr.indeed.com/viewjob?jk=9e1861e691426a98,Field AI Engineer,Graphcore 서울,,"hardware acceleration technologies Experience with Python and C++... depth knowledge of computer architectures, high..."
https://kr.indeed.com/viewjob?jk=84fd9f9deb6105b0,"웹개발, Python 외 신입/경력 계약직",쿠바로엠앤씨 서울 강서구,,"주식회사 쿠바로엠앤씨 웹개발, Python 외 신입/경력 계약직 채용 모집... 게임>웹프로그래머>웹개발|인터넷·IT·통신·모바일·게임>웹프로그래머> Python|인터넷·IT·통신·모바일·게임>웹프로그래머>백엔드|인터넷·IT·통신..."
https://kr.indeed.com/viewjob?jk=2695294aea6dc3b6,MongoDB Engineer 모집,카카오 4.0 성남 판교역,,수 있는 분 Linux/Network에 대한 기초 지식이 있는 분 우대 사항 C/C++ 또는 Python 언어를 이용한 프로그램 개발(프로젝트) 경험이 있는 분 MongoDB 트러블 슈팅 경험이 있는 분 MongoDB...
https://kr.indeed.com/viewjob?jk=481f953ccaa4bc96,머신러닝 개발자 모집,넷마블 서울 구로구,,"시스템 운영 효율화 및 고도화 자격요건 - ML 관련 분야 경력 6년 이상 - Cloud 서비스 활용 경험 - Python, C/C++, SQL 사용 가능 - Tensorflow 또는 상응하는 라이브러리 활용 경험 우대사항..."
https://kr.indeed.com/viewjob?jk=bd71e33adadfe4ac,HE Cryptographer,Intel 4.1 서울,,Implementation skills for developing software prototypes with Python C C Java or other languages... Mathematica...
https://kr.indeed.com/viewjob?jk=b5b88516a299bbb2,(주)신세계아이앤씨 경력사원 상시,신세계아이앤씨 서울 중구,,"0명 공통사항 -. 자동화 Tool에 대한 이해 보유자 -. JAVA, C, JavaScript, Python, HTML, JSP 등 프로그래밍 언어 개발 경험자... Process 및 Process Mangement에..."
https://kr.indeed.com/viewjob?jk=f4750c486cc78516,VPS Application Engineer - HAV,Mentor Graphics (Korea) LLC 4.0 경기도 성남,,"Proficient in scripting languages used today (e.g., Perl, Python, various shell scripts/Makefiles, XML, JSON, etc.) Industry..."
https://kr.indeed.com/viewjob?jk=6bf25be7270a4108,(수정)동국대학교 데이터분석팀 일반연구원(계약직) 채용,동국대학교 4.3 서울 필동,,"자 4) 남자의 경우 병역필 또는 면제자 5) 한글, MS OFFICE 등 기본 문서작업 가능자 6) Python, R 프로그래밍 언어 사용 가능자 우대 2. 모집인원 : 0명 3. 근무조건 및 계약기간 구 분..."
https://kr.indeed.com/viewjob?jk=bd5ce1a809ec610a,Modem QA Contractor,聯發科技 경기도 성남,,4. Good verbal and written communication skills in English 5. Prefer programing experience(C/JAVA/ Python #LI-NOPOST
https://kr.indeed.com/viewjob?jk=241ae1e7499c461c,Security Engineer (모의해킹/취약점 점검),Toss 서울 강남구,,"그바운트 경험이 있는 분 - 해킹대회 우승 경력이 있는 분 - 다양한 플랫폼 보안 진단 경험이 있는 분 - Python, C, C++, C#, JAVA 중 프로그래밍 언어에 능숙 하신 분 # 현업 인터뷰 - 결제 산업의 미래..."
https://kr.indeed.com/viewjob?jk=dc029852eaddcc42,[대기업 그룹 IT 리딩기업]- AI 직무관련 다수 [과장급이상/처우최상...,yesconsulting 서울 종로구,,"recognition 기술 개발 유 경험자 우대 • 딥러닝 기반의 OCR 알고리즘 개발 - C/C++, Python programming 사용 경험 - 딥러닝 이론, 어플리케이션에 대한 이해 - 딥러닝 프레임워크 사용 경험..."
https://kr.indeed.com/viewjob?jk=7e9a745cd8bdcbe3,"Design Consultant, Staff",Synopsys 대한민국,,"industry DFT, MBIST, and ATPG tools •Experience scripting... Python and Tcl. Experience with Verilog or SystemVerilog RTL..."
https://kr.indeed.com/viewjob?jk=e631d46f39019d13,각 분야별 인재 Pool 등록,지투알 서울,,"자 - 데이터 분석 툴(Adobe Analytics 또는 Google Analytics) 유경험자 우대 - Python, R, SQL 역량 보유자 우대 - 데이터에 기반한 문제해결 능력 및 통계학적 지식 보유자 우대 업무내용..."
https://kr.indeed.com/viewjob?jk=0c32e6464cad3b0a,[카카오 클라우드]DBaaS(DataBase As A Service) 개...,카카오 4.0 성남 판교역,,"및 유지 보수 지원자격 필수 자격 협업을 우선 가치로 유연한 커뮤니케이션이 가능하신 분 golang, python 등으로 API 기반 서비스를 구현해본 경험이 있으신 분 서비스 요구 사항을 기능으로 구현할 수 있는 분..."
https://kr.indeed.com/viewjob?jk=ee6d176505ffa343,전장 개발 엔지니어,가오콘 서울 강서구,,"니다. 다만 경험이 없으시더라도 C/C++고급 능력을 바탕으로 Java, Python,Json에 익숙하신 분이라면 무리없이 적응하실 수 있으니 과감하게... 기반 , Java/Json/ Python/Xml 개발 경력자 [특별우대..."
https://kr.indeed.com/viewjob?jk=3cf01580ba5eb23a,NLP Researcher,AITRICS 서울,,"Stacks [Back-end] Language: python, golang Python Framework: Django, Bottle [Front... Language: python, golang Python Framework..."
https://kr.indeed.com/viewjob?jk=bfe0f5ac4f32ec89,추천 통계분석/데이터사이언티스트,카카오 4.0 성남 판교역,,기능 기계학습 모델링 지원자격 개발 경력 3년 이상 숙련된 데이터분석 능력 데이터 사이언스를 위한 언어( Python/R) 를 하나 이상 능숙하게 다룰 수 있으신 분 분석 결과를 설득력있게 전달할 수 있는 분 우대사항...
https://kr.indeed.com/viewjob?jk=39371de8f58f18d5,(주)케이피엔 2021년 상반기 - 웹 개발,케이피엔 성남 분당구,,ㆍjQuery /javascript/ Python 필수 ㆍphp/MySQL... 서비스 개발자 - 1명 [지원 자격] ㆍ최근 4년 이상 개발 경험 ㆍ Python /javascript 필수 ㆍphp/PostgreSQL/ MySQL...
https://kr.indeed.com/viewjob?jk=092d062a6faa7139,데이터 분석가 모집,카카오 4.0 성남 판교역,,"이터 분석 지원자격 데이터 분석 업무를 수행할 수 있는 하나 이상의 언어 스킬 필수 (예. SQL, Python, R 등) 데이터 기반 프로젝트 경험이 있으신 분 (예: 통계 분석 프로젝트) 어떤 일이라도 중요하게 여기..."
https://kr.indeed.com/viewjob?jk=b574f1454ae36aab,Cross Border Ecommerce - Business Intell...,Shopee 서울,,business analyst related roles Proficient in SQL and Python Strong analytical skill and sensitivity to data Strong oral...
https://kr.indeed.com/viewjob?jk=da5d4dd560fb6f85,Data Scientist,Garrett Advancing Motion 경기도,,"System/Data Integration • High level programming skills ( Python, R, Matlab, C++ or Java) • Machine Learning Algorithms..."
https://kr.indeed.com/viewjob?jk=7af6301dc691d3ab,Data Scientist,Toss 서울 강남구,,"실무 경험 5년 이상 갖추신 분 - 실제 서비스 데이터를 이용한 분석모델 개발 경험이 있으신 분 - R, Python, Scala, SQL 등 데이터 분석의 업무를 수행할 수 있는 하나 이상의 개발 언어에 능숙하신 분 #..."
https://kr.indeed.com/viewjob?jk=c8d13289019f260f,[어니컴(주)] 데이터 분석가 신입/경력,어니컴 서울 용산구,,프로그래밍 언어: R 혹은 Python 활용 가능 - 통계 또는 기계학습에... 데이터분석|인터넷·IT·통신·모바일·게임>빅데이터·AI(인공지능)> Python|인터넷·IT·통신·모바일·게임>빅데이터·AI(인공지능)>R|인터넷...
https://kr.indeed.com/viewjob?jk=ccbd0e36b20627c2,마케팅데이터 분석전문가 (빅데이터),Exdigm 서울,,연어해석 기반 고객 데이터 연계한 분석과제 수행 및 인사이트 도출 (TA* - Text Analysis) 우대 - 통계패키지(SAS or R or Python) 활용능력 우대 - 머신러닝을 통한 예측 모형 개발 가능 우대
https://kr.indeed.com/viewjob?jk=3d5f8e364a71247e,Software Engineer (Back-end),Streami 서울,,"Experience in JavaScript, Python or Java... one of: Modern Javascript, Java, Python * Experience building and maintaining..."
https://kr.indeed.com/viewjob?jk=9c4f4236ac42f224,DBA 엔지니어,쏘카 대한민국,,"시계열 데이터베이스(InfluxDB) 구축 운영 경험이 있으신 분 • 자동화를 위한 스크립트 (Shell, Python, Ansible) 지식을 보유하신 분 • 새로운 기술 도입에 대한 오픈 마인드를 가지고 계신 분 전형절차..."
https://kr.indeed.com/viewjob?jk=4bd70fb8a220d90d,[Janssen] Data Scientist,Johnson & Johnson Family of Companies 4.2 서울,,"Expertise in one or more programming languages... R, Python or SAS. 7. Knowledge of relational database architecture..."
https://kr.indeed.com/viewjob?jk=b30b332cacf6dc2d,OLED 광학 분야 경력사원,LG디스플레이 3.4 서울 마곡역,,"Tool (SETFOS, FEM/FDTD, Lighttools Code V 등) 유경험자 3) Matlab, Python, VBA 활용 데이터처리 가능자 4) ML 경험자 석사 이상 졸업 입사지원은 LG그룹 채용 홈페이지..."
https://kr.indeed.com/viewjob?jk=4cd34228af5013fd,DGIST 2019년 제1차 계약직원 공개채용 공고,대구경북과학기술원 대구 현풍면,,"우수자(SPSS, R 등 통계패키지) 외국어(영어) 구사 능력 우수자 Programming(MATLAB, Python, C/C++ 등) 가능자 · 근무기간 : 2019.3.11.~2020.3.10. ※ 단, 재계약 평가에..."
https://kr.indeed.com/viewjob?jk=7cb5c3076d1701db,"Field Applications Engineer, Audio",Dolby 서울,,"High level or detailed knowledge of SOC design. C/C++, python coding skills. Knowledge of music, audio/video production..."
https://kr.indeed.com/viewjob?jk=f565607a390f8b13,[헥스콘] 2021년 상반기 백엔드 서버 개발자,헥스콘 창원 의창구,,"기술스택] 1) 사용언어 : Java, Kotlin, C++, HTML, CSS, Swift, Object-C, Python, Php, Node.js 2) 사용DB : MySQL, MSSQL, Maria DB, Oracle..."
https://kr.indeed.com/viewjob?jk=2ad0f62f50147fa4,국내카드사 DW개발/운영.,제이엔커리어 서울 서초구,,"Presto 등 Hadoop Ecosystem의 이해 필요 - JAVA, Python 개발 경험자 - 프레임워크 외 오픈소스 도입 등의 유연한 사고... 의 이해 필요 - JAVA, Python 개발 경험자 - 프레임워크 외..."
https://kr.indeed.com/viewjob?jk=25725b3c0e607311,Junior Quant Trader,Byzantine Partners 서울,,background is a plus Programming capability is mandatory (i.e. Python) Understanding of machine learning algorithm is a plus...
https://kr.indeed.com/viewjob?jk=d1e75364ef505c68,"데이터 가치를 함께 발굴하실 머신러닝, 통계 모델링 전문가 모집",카카오 4.0 성남 판교역,,해당 기술에 자신감이 있으신 분도 환영합니다. 지원자격 머신 러닝/통계 등 모델링에 활용하는 언어( Python/Scala/R 등) 및 도구(Tensor flow/Pytorch 등)를 하나 이상 능숙하게 다룰 수 있으신...
https://kr.indeed.com/viewjob?jk=28b676c81d7ef247,OPC Applications Engineer,Synopsys 경기도 성남,,"skills, including Windows, Linux, scripting (e.g. TCL, Python, Perl) and programming skills. Experience with MATLAB or TCL..."
https://kr.indeed.com/viewjob?jk=e8a4630bec0783e8,2021 Market Data Analyst - Seoul,Bloomberg 서울,,"work experience using one more programming language... Python, SQL and R Fluency in Korean and English (both spoken..."
https://kr.indeed.com/viewjob?jk=2b2dcd3ffe3d53df,카카오 데이터의 가치를 발굴할 데이터 분석가 모집,카카오 4.0 성남 판교역,,"기술 통계량 이해 및 해석) 데이터 분석 업무를 수행할 수 있는 언어 스킬 필수 SQL 필수 R 또는 Python을 다룰 수 있는 분 (SAS, SPSS, GA, tableau 등 통계 툴만 사용 가능한 경우 제외) 하둡..."
https://kr.indeed.com/viewjob?jk=78f5465432356e17,Sr Systems Administrator I,Raytheon Intelligence & Space 대한민국,,"Experience with Linux/Unix scripting, C++, Java, Perl, Python, Sybase... SQL. - Experience with Linux/Unix tools, YUM..."
https://kr.indeed.com/viewjob?jk=9d4dcd9b1c3270c8,RF SW Engineer,Qualcomm CDMA Technologies (Korea) YH 서울,,programming skill in C/C++ - Visual C++ / Java / Python programming skill is plus - Strong experience in RF software...
https://kr.indeed.com/viewjob?jk=07375dc4e800dfa9,추천 시스템 소프트웨어 엔지니어,카카오 4.0 성남 판교역,,"관련 업무 경험자 우대사항 운영체제, 네트워크, 컴파일러, 데이터베이스에 대한 이해가 깊으신 분 Python, C++, GPU 프로그래밍 숙련자 대용량/실시간 서비스 개발/운영 경험이 많으신 분 ICPC/TopCoder..."
https://kr.indeed.com/viewjob?jk=0064deb5fa9cbce0,데이터 사이언티스트 모집,카카오 4.0 성남 판교역,,"양한 실험을 통해 알고리즘을 개선합니다. 지원자격 지원자격 하나 이상의 프로그래밍 언어에 익숙한 분( Python, Java, C/C++, Scala 등) 머신러닝/딥러닝 오픈소스를 이용하여 1년 이상 특정 서비스에 모델..."
https://kr.indeed.com/viewjob?jk=da5c549bf1a76ded,데이터 사이언스(데이터 모델링 및 추천 모델링),NHN 4.4 성남 판교역,,"AB테스트, 결과 해석 등) - 리눅스 환경에서 머신 러닝 및 데이터 분석 관련 언어, 라이브러리( Python, R, SQL, tensorflow 등) 능숙한 활용 - 머신러닝, 추천 , 딥러닝 관련 논문을..."
https://kr.indeed.com/viewjob?jk=9f4a404b406dd19e,[KSTEC] 2021년 경력 사원 (SW개발자),지식시스템 성남 분당구,,"개발 (SPSS, SAS, R, Python, Java 기반) 2. 기업용... 경력 3년 ~ 10년 [기술요구사항] 1. SPSS, SAS, R, Python, Java 등 데이터분석/AI개발 도구 사용 가능자 2. Java..."
https://kr.indeed.com/viewjob?jk=9e1861e691426a98,Field AI Engineer,Graphcore 서울,,"hardware acceleration technologies Experience with Python and C++... depth knowledge of computer architectures, high..."
https://kr.indeed.com/viewjob?jk=dfe4f3638b0d10d2,블록체인 센터 백엔드 개발자 (경력),네오위즈 대한민국,,"센터 백엔드 개발자 (경력) 담당업무 블록체인을 이용한 서비스의 백엔드 설계 및 개발 자격요건 - Python/Node.js/Java 중 1가지 이상의 언어로, 서비스를 개발하는 것에 익숙한 분 - Restful API..."
https://kr.indeed.com/viewjob?jk=96688eea9c1a9e28,Security Engineer (취약점 분석),Toss 서울 강남구,,"# 자격 요건 - 모의해킹 및 취약점 점검 경력이 있는 분 - 소스 코드 정적 취약점 점검에 능숙한 분 - Python, C, C++, JAVA 중 프로그래밍 언어에 능숙한 분 # 우대 사항 - 국내 또는 국외 버그 바운티..."
https://kr.indeed.com/viewjob?jk=3933762f9f06df56,Data Scientist(CSS 모델링),Toss 서울 강남구,,"3년 이상) - 머신러닝 등 최신 알고리즘을 활용하여 실제 비즈니스 문제 해결 경험이 있으신 분 - SQL, Python, R 등 통계/분석 프로그램을 다룰 수 있으신 분 # 우대 사항 - 금융권 데이터 분석 및 모델링 업무..."
https://kr.indeed.com/viewjob?jk=3c281c47996e7b20,2021년도 BNK시스템 경력직원,BNK시스템 부산 강서구,,"처리 (경력직, 정규직) ○명 [필수사항] • 관련 경력 3년 이상 • ETL 관련 설계/개발 경험자 • Python, R 개발 경험자 • 데이터 분석 시스템 구축 운영 경험자 • 정보처리기사 자격증 소지자 [우대사항..."
https://kr.indeed.com/viewjob?jk=6bfec9fa5d0c15f5,1분기 개발자 (신입/경력),이스트게임즈 서울 서초구,,"C/C++, C#, Swift, Objective C, Kotlin, Java, JavaScript, Python, Go. - 새로운 프로그래밍 언어를 습득하는데 어려움이 없거나 혹은 흥미를 갖고 있는 분 - Windows..."
https://kr.indeed.com/viewjob?jk=5fabc892216e1c62,[Business Insights] Business Data Analys...,PUBG 서울,,"analytics... digital, consumer facing company • Knowledge of Python and Spark • Experience with large individual customer..."
https://kr.indeed.com/viewjob?jk=c39d18040425ef53,PostgreSQL 운영 및 데이터베이스 관리자 모집,카카오 4.0 성남 판교역,,"청하고 잘 이해하는 분 Database 운영 유경험자 ( PostgreSQL 운영 경험이 있으신 분 우대) python, go, bash 등 개발 경험이 있는 분 우대 클라우드 환경의 DB시스템 구축 및 운영 경험이 있는 분..."
https://kr.indeed.com/viewjob?jk=60d03da8a3724068,이공계 전문기술 연수사업 수강생,경기도경제과학진흥원 서울,,용프로그래머> Python|인터넷·IT·통신·모바일·게임>웹프로그래머>JAVA|인터넷·IT·통신·모바일·게임>웹프로그래머> Python|인터넷·IT·통신·모바일·게임>빅데이터·AI(인공지능)> Python|인터넷·IT·통신·모바일...
https://kr.indeed.com/viewjob?jk=5cb14c0712a6c4c1,시스템 엔지니어링,NHN 4.4 성남 판교역,,"Windows OS 스킬 보유 및 X86 서버 운영 경험 보유 - 기본적인 운영도구 개발 가능자 * Python, Django, JAVA - 웹 서비스 또는 플랫폼 개발 경력 보유자 - OpenStack 기반의..."
https://kr.indeed.com/viewjob?jk=46975ee759c13b8a,데이터 분석/처리 플랫폼 개발,NHN 4.4 성남 판교역,,"데이터 수집, 처리 및 지표 분석 경험 - 데이터 기반의 문제해결 역량 및 논리적 사고 - Java, Python, Scala 중 최소 1가지 언어를 이용한 데이터 분석 및 소프트웨어 개발 역량 - 통계분석..."
https://kr.indeed.com/viewjob?jk=6bf25be7270a4108,(수정)동국대학교 데이터분석팀 일반연구원(계약직) 채용,동국대학교 4.3 서울 필동,,"자 4) 남자의 경우 병역필 또는 면제자 5) 한글, MS OFFICE 등 기본 문서작업 가능자 6) Python, R 프로그래밍 언어 사용 가능자 우대 2. 모집인원 : 0명 3. 근무조건 및 계약기간 구 분..."
https://kr.indeed.com/viewjob?jk=481f953ccaa4bc96,머신러닝 개발자 모집,넷마블 서울 구로구,,"시스템 운영 효율화 및 고도화 자격요건 - ML 관련 분야 경력 6년 이상 - Cloud 서비스 활용 경험 - Python, C/C++, SQL 사용 가능 - Tensorflow 또는 상응하는 라이브러리 활용 경험 우대사항..."
https://kr.indeed.com/viewjob?jk=05aa5498d84c58e1,데이터 엔지니어(신입/경력),쏘카 대한민국,,"있는 분 • 데이터 분석팀 및 유관 부서와의 원활한 소통을 위한 기본적인 쿼리 작성 능력을 갖춘 분 • Python 또는 Java, Scala, C++, C# 등의 언어를 최소 1개 이상 능숙하게 사용할 수 있는 분 • 대용..."
https://kr.indeed.com/viewjob?jk=b1b1b1e754bccf6b,Security Engineer (모의해킹/취약점 점검),Toss 서울 강남구,,"그바운트 경험이 있는 분 - 해킹대회 우승 경력이 있는 분 - 다양한 플랫폼 보안 진단 경험이 있는 분 - Python, C, C++, C#, JAVA 중 프로그래밍 언어에 능숙 하신 분 # 현업 인터뷰 - 토스가 투자 서비..."
https://kr.indeed.com/viewjob?jk=c4df94a9f15d671b,Internship Opportunity with Green Growth...,Global Green Growth Institute 서울,,models. Experience in applying programming software... R and Python is preferred. Excellent English communication skills...
https://kr.indeed.com/viewjob?jk=dee1c9e840dc5691,Staff Field Application Engineer,Dolby 서울,,"Dolby’s ecosystem, products, business, and customers. Python coding skills. Interest in music, game/film audio or video..."
https://kr.indeed.com/viewjob?jk=ca0306392b156e54,데이터 사이언티스트 초빙,에이치앤티어세스 서울 서초구,,"통해 비즈니스와 기술 적용의 기회를 발굴할 수 있는 분 ㄷ. SQL, Python /R , Tableau등으로 데이터 분석 업무를 수행할 수 있는 분... 게임>빅데이터·AI(인공지능)> Python|마케팅·광고·홍보·조사>마케팅>마케팅기획"
https://kr.indeed.com/viewjob?jk=be6c1f03fa566f8e,추천 시스템 연구/개발,카카오 4.0 성남 판교역,,"지원자격 개발 경력 3년 이상 적어도 하나 이상의 능숙한 프로그래밍 언어가 있으신 분 우대사항 Python, C++, GPU 프로그래밍 숙련자 TensorFlow, PyTorch, implicit 등 머신러닝/추천..."
https://kr.indeed.com/viewjob?jk=f0b26e01bccd1591,[김해 포스트코로나 청년일자리 지원 사업] 2021년 (주)디앤알팩토리...,디앤알팩토리 경상남도 김해,,"성과금 지급, 정기 휴가. 직무 내용 - 직무 내용 : Mavlink Protocol, Arduino, Python, C / C+, Java 를 이용한 소프트웨어 개발. [근무시간 및 형태] 주 5일 근무 (오전) 10시..."
https://kr.indeed.com/viewjob?jk=e7cc2dd53f8b03b7,빅데이터 분석(머신러닝/딥러닝) 컨설턴트 정규직,디앤아이컨설팅 서울 동대문구,,"석사학위자의 경우 2년 이상 경력자 ㆍ분석결과에 대한 명확한 의사소통 및 문서화 기술이 있으신 분 ㆍR, Python 등 언어를 활용한 데이터 정제, 분석, 모델링, 시각화 경험이 있으신 분 ㆍ데이터 기반 실험 및 모델을 실..."
https://kr.indeed.com/viewjob?jk=e934bb33ef71dacb,[EY한영] 금융감사본부 Data Analytics 전문 경력직 모집,Ernst & Young 4.0 대한민국,,총계정원장조정 경험자 - Python/R 등 프로그램 언어 활용 능력... PowerBI... Tableau Experience with Python/ R or other programming languages...
https://kr.indeed.com/viewjob?jk=b574f1454ae36aab,Cross Border Ecommerce - Business Intell...,Shopee 서울,,business analyst related roles Proficient in SQL and Python Strong analytical skill and sensitivity to data Strong oral...
https://kr.indeed.com/viewjob?jk=a2b8aae664300392,신한AI 인공지능(AI) 인력,신한에이아이 서울 영등포구,,"련전공 : 인공지능 / 수학 / 산업공학 / 컴퓨터공학 / 통계 관련 [우대사항] - 프로그래밍 숙련자 ( python 外 C++, Java 등) - 금융데이터 또는 시계열 데이터 기반 인공지능 모델 구축 및 운영경험 - 강화..."
https://kr.indeed.com/viewjob?jk=cfc6c4d6a4cd83bd,Senior Analyst - Data Analytics,McKinsey & Company 4.3 서울,,"skills with python, R Knowledge... suited... business problem (using Python, SAS, SQL, R and other relevant tools..."
https://kr.indeed.com/viewjob?jk=e393fa440b668be7,Data Analyst,Toss 서울 강남구,,"소지하신 분 혹은 경험이 풍부하신 분 - Data Warehouse 구축 지식이나 경험이 있으신 분 - Python, R, Spark 등 언어 및 데이터 프로세싱 프레임워크에 대한 이해도가 높은 분 - 필요한 데이터를 스스로..."
https://kr.indeed.com/viewjob?jk=75291751255b54e3,Business Analyst (Coupang Eats),Coupang 2.9 서울,,"business degree (MS or MBA) Business-level experience with Python as a plus Previous experience in e-commerce, food delivery..."
https://kr.indeed.com/viewjob?jk=da5d4dd560fb6f85,Data Scientist,Garrett Advancing Motion 경기도,,"System/Data Integration • High level programming skills ( Python, R, Matlab, C++ or Java) • Machine Learning Algorithms..."
https://kr.indeed.com/viewjob?jk=969d5d92ff231296,[대기업 통신사] 데이터 사이언티스트 초빙,TrueHR 서울 용산구,,"모델링 Tool(R, SAS, Python 등) 석사 출신 우대 ADP... Google Analytics), 분석, 모델링 Tool(R, SAS, Python 등) 석사 출신 우대 ADP 소유자 우대 0 명 근무조건 고용형태..."
https://kr.indeed.com/viewjob?jk=a5d78bea5463e38e,제품/솔루션 개발직 신입/경력,이젠고 서울 노원구,,"개발자 나. (당사 솔루션 기반) 테스트자동화 개발 및 제반 수명업무 (신입/경력) - react, python, javascript 개발자 3. 참고 - 사무실: 본사(인덕대)와 공유오피스(종로) 2곳 병행 사용 중이며..."
https://kr.indeed.com/viewjob?jk=515cf3cc8bff3ed4,[Search] 네이버 검색시스템 DevOps 신입 개발자,네이버 서울,,비스 운영 [자격요건] · C/C++ 초급이상의 개발자(팀 메인 개발 언어) · shell script/ python 개발 경험자 [채용하고 싶은 분] · 열린 마음으로 동료 개발자 및 타 부서 담당자와 적극적으로 협업 할...
https://kr.indeed.com/viewjob?jk=f4750c486cc78516,VPS Application Engineer - HAV,Mentor Graphics (Korea) LLC 4.0 경기도 성남,,"Proficient in scripting languages used today (e.g., Perl, Python, various shell scripts/Makefiles, XML, JSON, etc.) Industry..."
https://kr.indeed.com/viewjob?jk=fd4cb07161910b14,Datacenter Engineer (강원도 춘천 근무),Oracle 3.8 서울,,"Base Operating System Install • Some experience with Perl, Python, Bash or Java • Core OS Services: ssh, telnet, ftp, nfs..."
https://kr.indeed.com/viewjob?jk=7639fede84396f4a,"하드웨어, 소프트웨어 외 신입/경력 정규직",유닉트 경기도 양주,,"studio code - xcode 서버개발 * 서버 개발 ( Python 3, Django) - visual studio code - AWS EC2... 통신·모바일·게임>응용프로그래머> Python|인터넷·IT·통신·모바일·게임..."
https://kr.indeed.com/viewjob?jk=94e6b51a16f4a0f6,Perception Software Engineer - Autonomou...,NVIDIA 대한민국,,work experience. Strong programming skills in C++ and python. Hands-on experience in developing algorithms for state...
https://kr.indeed.com/viewjob?jk=8bcc7807085700a7,클라우드 오퍼레이션 엔지니어,NHN SOFT 4.4 성남 판교역,,"Linux, Windows Server 트러블 슈팅 숙련자 - 2년 이상의 개발 경험자(PHP, Python 등) - 아래 기술 분야중 1개 이상의 풍부한 지식 및 운영 경험 보유자 (ElasticSearch..."
https://kr.indeed.com/viewjob?jk=9ccd0db79695e27e,[단기계약직] 인공지능 기술 개발을 위한 언어 데이터 구축자 모집,엔씨소프트 2.7 성남 판교역,,언어 데이터를 꼼꼼하게 분석하고 정리할 수 있으신 분 - 언어자원 구축 경험이 있으신 분. - 엑셀 또는 Python 등의 프로그래밍 언어로 데이터 처리가 가능하신 분 (필수사항 아님) 제출서류 필수 제출서류 없음 전형단계...
https://kr.indeed.com/viewjob?jk=3715424cbfe0e064,백엔드 개발자,RippleAI 서울 관악구,,API 유지 보수 및 배포 - 사내 서버 관리 - 사내 코드 리뷰 / 테스트 문화 구축 < 자격요건> - Python 사용에 능숙하신 분 - Back-end 서버 개발 경력 3년 이상 또는 그에 준하는 경험이 있으신 분...
https://kr.indeed.com/viewjob?jk=9dad04b0ae0c86d7,시스템 엔지니어,아프리카TV 경기도 성남,,"도입 및 개발/운영 [자격요건] - 리눅스/윈도우에 대한 이해도가 높고 지금도 노력중이신 분 - python 포함 프로그래밍을 즐거워 하시는 분 [우대사항] - docker, Kuvernetes 인프라 구축/운영..."
https://kr.indeed.com/viewjob?jk=a7e7823c3f0ad866,한화손해보험_디지털전략팀 경력 채용,한화그룹 4.2 서울,,"경험 보유자 ⑧ 통계 분석 및 활용 능력 (SAS, SPSS, R, Python 사용 경험) 0명 여의도 본사 02-316-0534 데이터 사이언티... 사고능력, 문제해결 능력 - Python을 이용한 통계분석 및 머신러닝..."
https://kr.indeed.com/viewjob?jk=8af26b37623864c4,8퍼센트 개발자 (신입/경력),8퍼센트 서울 종로구,,개발 금융 데이터 분석과 분석 플랫폼 운영 자격요건 컴퓨터 전공자 또는 웹 개발 경력 1년 이상 우대사항 Python 코드를 무리 없이 읽으실 수 있는 분 Linux/Mac 사용 가능한 분 새로운 기술에 대한 호기심을 가지신...
https://kr.indeed.com/viewjob?jk=85289ba67bb1634d,[Search] 네이버/LINE 지역검색 및 추천 서비스 개발 신입/경력,네이버 서울,,문제 해결 능력이 있으신 분 · Linux 환경에서 개발 경험이 있으신 분 · C / C++ / Python / Scala / Java 중 1개 이상에 대한 활용 및 이해도가 높으신 분 [우대사항] · Tensorflow...
https://kr.indeed.com/viewjob?jk=b183b99c3ff19b47,[KSTEC] 통계/Analytics 경력사원,지식시스템 성남 분당구,,"개발 (SPSS, SAS, R, Python, Java 기반) 2. 기업용... 경력 3년 ~ 10년 [기술요구사항] 1. SPSS, SAS, R, Python, Java 등 데이터분석/AI개발 도구 사용 가능자 2. Java..."
https://kr.indeed.com/viewjob?jk=bfe0f5ac4f32ec89,추천 통계분석/데이터사이언티스트,카카오 4.0 성남 판교역,,기능 기계학습 모델링 지원자격 개발 경력 3년 이상 숙련된 데이터분석 능력 데이터 사이언스를 위한 언어( Python/R) 를 하나 이상 능숙하게 다룰 수 있으신 분 분석 결과를 설득력있게 전달할 수 있는 분 우대사항...
https://kr.indeed.com/viewjob?jk=e010f7780d479126,검색서비스 서버 개발 신입/경력,포티투마루 서울 관악구,,"성별 : 무관 - 모집인원 : 0명 [기술 지원자격] - Linux 환경 개발 경력 - C/Java/ Python 개발 경력 - 서버 개발/운영 경력 [우대사항] - 자연어처리, 정보검색, 기계학습, 데이터 마이닝..."
https://kr.indeed.com/viewjob?jk=d017610d9828199c,"드론 데이터 스타트업, 엔젤스윙 엔지니어",엔젤스윙 서울 관악구,,"Ruby on Rails, Python, C++, AWS AWS, GCP... 기반 웹서비스 개발 경험 디버깅, 최적화 스킬 Javascript, Python, C++ 등 개발언어 중 자신있는 언어가 1가지 이상 있으신 분..."
https://kr.indeed.com/viewjob?jk=752a4b5d63eac97c,Back-end Engineer (Python),Soomgo 서울 강남구,,래픽 처리를 위한 AWS 인프라 구축 • 5년 이상의 웹/앱 서비스 백엔드 시스템 개발 경험이 있는 분 • Python 언어를 활용한 개발 경험이 있는 분 • 성능 최적화에 대해 지속적으로 고민하고 노력하시는 분 • AWS...
https://kr.indeed.com/viewjob?jk=89f2c22033b60a7d,[KSTEC] RPA 시스템 개발 신입 및 경력사원,지식시스템 성남 분당구,,통신·모바일·게임>웹프로그래머>JAVA|인터넷·IT·통신·모바일·게임>웹프로그래머>.NET|인터넷·IT·통신·모바일·게임>웹프로그래머> Python|인터넷·IT·통신·모바일·게임>웹프로그래머>HTML·DHTML·mHTML
https://kr.indeed.com/viewjob?jk=a746de9c7a6168ef,Healthcare Real World Data Analyst 담당자,IQVIA 서울,,"HEOR 전반적인 업무 수행 Qualifications Claims Data 관련 분석 경력자 SAS / Python / R 등 통계 프로그래밍 언어 사용 가능자 통계학 전공자, 통계 및 Epidemiology 관련 석사..."
https://kr.indeed.com/viewjob?jk=ceb8243bc8ae3c35,[데이터 플랫폼]데이터 엔지니어 (전문연구요원 가능),버즈니 서울,,및 유지보수 이런 분을 찾습니다 관련 업무 경력 최소 3년 이상 있으신 분 (전문연구요원의 경우 경력 무관) Python 및 기반 데이터 플랫폼 개발 경험이 있으신 분 Docker(Contatiner) 기반 시스템 환경 구축...
https://kr.indeed.com/viewjob?jk=bfa1ae74821d0025,건강식품 상품기획 / 영업 / 개발 / 온라인 MD,네이처프라임 서울 동대문구,,프론트엔드|인터넷·IT·통신·모바일·게임>웹프로그래머>백엔드|인터넷·IT·통신·모바일·게임>웹프로그래머> Python|무역·영업·판매·매장관리>일반·법인영업>일반영업|무역·영업·판매·매장관리>일반·법인영업>법인영업|유통·물류...
https://kr.indeed.com/viewjob?jk=d69b5a1e60c65ce6,데이터 마케팅 경력사원,LG전자 3.8 서울 영등포구,,"경험 보유자 - 통계/개발 Tool 활용 능력 보유자 (SQL, R, Python, Scalar, Hadoop 등) 3) 우대 사항 - 높은 통계... 운영 경험자 - SQL, R, Python 등 통계 패키지 활용 자격증..."
https://kr.indeed.com/viewjob?jk=194bbf20319d9f24,"Systems Engineer, Ground Truth Automatio...",NVIDIA 서울,,"deep understanding of programming languages in C, C++, and Python. Experienced in developing system software mostly in user..."
https://kr.indeed.com/viewjob?jk=dbe3257e487e5814,[AI/Lab] AI 백엔드 엔지니어 (전문연구요원 가능),버즈니 서울,,"플랫폼 및 시스템 구축 이런 분을 찾습니다 주도적으로 문제를 찾고, 해결할 수 있는 능력을 보유하신 분 Python 사용 경험이 있으신 분 다음 항목 중 두 가지 이상에 해당되는 분 AWS 혹은 GCP와 같은 클라우드 플랫폼..."
https://kr.indeed.com/viewjob?jk=385c58c7ced1d77b,데이터 사이언티스트를 지향하는 데이터 엔지니어 모집,카카오 4.0 성남 판교역,,"Spark 등 빅데이터 분석 플랫폼을 사용하여 대용량 데이터의 수집,가공이 가능한 분 프로그램 개발(Java, python 등) 기술을 보유하신 분 어떤 일이라도 중요하게 여기며 책임감 있게 진행할 수 있으신 분 자신의 생각..."
https://kr.indeed.com/viewjob?jk=752a4b5d63eac97c,Back-end Engineer (Python),Soomgo 서울 강남구,,래픽 처리를 위한 AWS 인프라 구축 • 5년 이상의 웹/앱 서비스 백엔드 시스템 개발 경험이 있는 분 • Python 언어를 활용한 개발 경험이 있는 분 • 성능 최적화에 대해 지속적으로 고민하고 노력하시는 분 • AWS...
https://kr.indeed.com/viewjob?jk=d8a8869ab092f731,데이터 엔지니어 및 사이언티스트,카카오 4.0 성남 판교역,,"등 데이터 엔지니어와 사이언티스트의 업무를 경계 없이 수행하게 됩니다. 지원자격 개발 경력 3년 이상 Python, Scala, Java, C++ 중 하나 이상의 언어에 능통 SQL 또는 HiveQL에 능통 대용량 데이..."
https://kr.indeed.com/viewjob?jk=86940003c157ab95,[정보보안] 보안기반 분석 개발 담당자 모집,엔씨소프트 2.7 성남 판교역,,"이기종 보안시스템의 운영업무 자동화 개발 지원자격 학력 : 무관 경력기간 : 2년 ~ 10년 필수조건 - Python 프로그래밍 언어로 개발이 가능하며, 오픈소스를 활용한 개발이 가능한 분 - 보안솔루션의 동작 원리와 연동..."
https://kr.indeed.com/viewjob?jk=0b03d57e900ac140,Security Engineer (모의해킹),Toss 서울 강남구,,"분 - INTEL/ARM 아키텍처 바이너리 분석 가능한 분 - 코드리뷰를 통한 보안 진단 능숙한 분 - Python, C, C++, C#, JAVA 중 프로그래밍 언어에 능숙한 분 # 우대 사항 - 버그바운트 경험이 있는 분..."
https://kr.indeed.com/viewjob?jk=87837b22b2d66b12,[Search] 동영상 검색 백엔드 개발 신입/경력,네이버 서울,,"피드백 정제 · 동영상검색 모델링 개선 · 관련검색어, 관련동영상 등 추천 기술 개발 [ 자격요건 ] · Python, C++, Scala, Java, Golang 등의 백엔드 개발 언어를 2개 이상 자유롭게 활용 가능하신..."
https://kr.indeed.com/viewjob?jk=5e7dc1196f13b938,"NAVER, LINE 서비스 플랫폼 운영",NIT Service 성남 삼평동,,"python, java, c언어 등) 초급 [우대사항] - Docker(kubernetes) 관련 지식 보유 및 활용 경험 - Linux System, WEB/WAS, DB운영 경험 - 프로그래밍 언어( python..."
https://kr.indeed.com/viewjob?jk=bcd2f0630e298aa3,클라우드 인프라 운영 담당자 모집,넷마블 서울 구로구,,"기술적인 문제점 파악 및 해결 스킬 우대 사항 - 유관 경력 5년 이상 - 인터프리터 언어 숙련자 ( Python, Ansible 등) - 컴퓨터 관련 전공 이수자 우대 - 네트워크 기본 역량 - 게임사/포탈 인프라..."
https://kr.indeed.com/viewjob?jk=8ad8f768cd99afcf,"Applications Engineer (P&R, physical des...",Synopsys 서울,,"development. Proficiency in programming and scripting (TCL, Python, Shell). Able to resolve wide range of technical issues..."
https://kr.indeed.com/viewjob?jk=4ec305f59ce64060,게임이상탐지 분석/개발,Nexon 성남 분당구,,"기법 적용에 필요한 프로그래밍 능력 ( Python) - SQL 활용 능력... 대시보드 개발 능력 솔루션 개발자 - 한 가지 이상의 개발 언어( Python, Java, Scala)에 숙련된 프로그래밍 능력 - Linux..."
https://kr.indeed.com/viewjob?jk=4665562997b87ff0,글로벌 소셜카지노 부문 사업PM,네오위즈 대한민국,,슬롯/블랙잭 등의 카지노 게임에 대한 이해도가 있으신 분 2. SQL 사용이 익숙하신 분 3. 엑셀/R/ Python을 활용해 통계 분석이 가능하신 분 4. 영어 활용 능력이 높으신 분 * 면접 일정 안내는 서류 합격...
https://kr.indeed.com/viewjob?jk=d8a62e7b5d4e0996,Test Coordination/System Development Eng...,Mercedes-Benz Korea Limited 4.0 서울,,necessary. - Skills in multi-cultural working environment and networking. - SW programming sill (e.g. python... plus.
https://kr.indeed.com/viewjob?jk=57dead75c6dee2c1,글로벌 소셜카지노 서비스 해외사업 담당자 (경력),네오위즈 대한민국,,있는 분 우대사항 - 소셜 카지노 장르를 비롯해 카지노 산업 전반 대한 높은 이해도를 갖춘 분 - R과 Python 등을 활용해 통계 분석을 할 수 있는 분 - 우수한 영어 활용 능력과 글로벌 비즈니스 관련 경험이 있는 분...
https://kr.indeed.com/viewjob?jk=7e9a745cd8bdcbe3,"Design Consultant, Staff",Synopsys 대한민국,,"industry DFT, MBIST, and ATPG tools •Experience scripting... Python and Tcl. Experience with Verilog or SystemVerilog RTL..."
https://kr.indeed.com/viewjob?jk=18ed6f92a291d134,Sr. Manager for Logistics digital transf...,Thermo Fisher Scientific 3.5 서울,,"Excel (VBA, power pivots) skills - Experience in R studio, Python, data modeling, and hypothesis testing is a plus - Must..."
https://kr.indeed.com/viewjob?jk=3c516818303c4d51,Application Engineer ( Silicondash),Synopsys 서울,,"disk access Programming skill of TCL, Perl, JavaScript or Python Good documentation and reporting skills are required..."
https://kr.indeed.com/viewjob?jk=a1d687cd59776360,머신러닝 개발,Nexon 성남 분당구,,모델 개발 - 머신러닝을 위한 솔루션 프로토타이핑 - 머신러닝 파이프라인 설계 및 구축 지원자격 - Python에 숙련된 프로그래밍 능력과 머신러닝 라이브러리 활용 경험 - 머신러닝과 강화학습에 관련된 지식 습득 혹은...
https://kr.indeed.com/viewjob?jk=1d89fe4b37ab05ed,"데이터마이닝, 빅데이터 큐레이터 외 신입/경력 정규직",에임즈인터내셔널코리아 서울 강남구,,"있거나 이에 준하는 실질적인 기술 경력 -데이터를 다루기 위한 Python 혹은 R 등의 프로그래밍 능력 -SQL의 사용 능력 -데이터를 다루기 위한 Python, R, Java 중 1개의 프로그래밍 능력 -대용량 데이터..."
https://kr.indeed.com/viewjob?jk=15edcadd124ad99a,매칭 데이터분석,Nexon 성남 분당구,,"최적화 된 모델을 적용하고 평가합니다. 지원자격 [이런 경험을 가진 파티원을 찾습니다.] - SQL, Python 등의 언어를 통해 데이터를 가공한 경험이 있는 분을 찾습니다. - 문제에 적합한 머신러닝 모델을 선택하고..."
https://kr.indeed.com/viewjob?jk=5e9359c4c2811720,[전액국비지원] 데이터 기반 홈IOT 서비스 개발 실무자 양성 및 취업연...,한국스마트홈산업협회 서울 금천구,,용프로그래머> Python|인터넷·IT·통신·모바일·게임>웹프로그래머>JAVA|인터넷·IT·통신·모바일·게임>웹프로그래머> Python|인터넷·IT·통신·모바일·게임>빅데이터·AI(인공지능)> Python|인터넷·IT·통신·모바일...
https://kr.indeed.com/viewjob?jk=80dea8b8353c3ee0,System Engineer,Toss 서울 강남구,,"# 자격 요건 - Linux 환경에서 대용량 TPS 운영 경험이 있으신 분 - 스크립트 언어(shell, python, Perl, Ruby 등)를 사용하여 인프라 운영이 가능하신 분 - HTTP, TCP/IP 프로토콜에 대한..."
https://kr.indeed.com/viewjob?jk=4cd34228af5013fd,DGIST 2019년 제1차 계약직원 공개채용 공고,대구경북과학기술원 대구 현풍면,,"우수자(SPSS, R 등 통계패키지) 외국어(영어) 구사 능력 우수자 Programming(MATLAB, Python, C/C++ 등) 가능자 · 근무기간 : 2019.3.11.~2020.3.10. ※ 단, 재계약 평가에..."
https://kr.indeed.com/viewjob?jk=4e91309fc89e9534,2020년 하반기 영업/기획/마케팅/개발 부문,아우토크립트 서울 영등포구,,통신·모바일·게임>응용프로그래머> Python|인터넷·IT·통신·모바일·게임... 프로그래머> Python|인터넷·IT·통신·모바일·게임>웹프로그래머>JAVA|인터넷·IT·통신·모바일·게임>빅데이터·AI(인공지능)> Python|인터넷...
https://kr.indeed.com/viewjob?jk=0c32e6464cad3b0a,[카카오 클라우드]DBaaS(DataBase As A Service) 개...,카카오 4.0 성남 판교역,,"및 유지 보수 지원자격 필수 자격 협업을 우선 가치로 유연한 커뮤니케이션이 가능하신 분 golang, python 등으로 API 기반 서비스를 구현해본 경험이 있으신 분 서비스 요구 사항을 기능으로 구현할 수 있는 분..."
https://kr.indeed.com/viewjob?jk=fce04ed9777c8bed,애플리케이션 보안컨설팅,NHN 4.4 성남 판교역,,"비스 보안 진단 경험자 - 서버... DBMS 보안 취약점 점검 경험 - java 프레임워크, python 개발 경험 공통지원자격 - 병역필 혹은 면제로 해외여행에 결격 사유가 없는 자 지원방법 - 온라인..."
https://kr.indeed.com/viewjob?jk=0e894c3561c377f6,자연어처러(NLP) 리서처/개발자,주식회사 바운티팜 서울 역삼역,,논문을 읽고 이를 실제로 구현한 경험이 있으신 분 ㆍ기계학습 모델의 실제 서비스 경험이 있으신 분 ㆍ Python에 능숙하신 분 < 담당업무> ㆍ네고시에이션을 구현할 AI서비스 개발 ㆍ식자재 업계관련 Taxonomy...
https://kr.indeed.com/viewjob?jk=9f53f61ccad5fce1,물류/보안 부문 경력사원 채용 공고,삼성SDS 3.8 서울 신천동,,"조사 및 분석업무 ㆍ악성코드 분석업무 - 아래 기술 중 2개이상 보유 ㆍC, C++, Java, Python 프로그래밍 ㆍBurp Suite 등 모의해킹 툴 활용 ㆍIDA, EnCase 등 리버싱/포렌식 툴 활용..."
https://kr.indeed.com/viewjob?jk=661a80939b1acd30,Solutions Engineer,f5 서울,,"Kubernetes) • Proficient in one or more programming languages ( Python, JavaScript, Golang, etc.) What you’ll bring: • 5 +..."
https://kr.indeed.com/viewjob?jk=9040dba1c8db2a5d,퀀트운용팀 (사원-대리급),신한비엔피파리바자산운용 대한민국,,지식 보유자 - 투자자산운용사 자격증 소지자 우대 - CFA/CAIA/CPA 자격증 소지자 우대 - VBA/ Python 활용한 업무 가능자 우대 - 관련 전공 및 석박사 학위/금융 관련 자격증 보유자 우대 3. 전형방법...
https://kr.indeed.com/viewjob?jk=cd40cf786e32f325,사내 및 서비스 보안 담당자 (경력),네오위즈 대한민국,,"GuardDuty, WAF, VPC Flow Logs 분석 등)이 있으신 분 - 각종 스크립트 언어(Perl, Python, shell script 등)의 활용 능력을 가진 분 - 모바일 게임 앱에 대한 보안 검수 경험이..."
https://kr.indeed.com/viewjob?jk=9d9f5827c98272c9,테크빌더팀 웹어플리케이션 개발자 (백앤드/프론트앤드),Nexon 성남 분당구,,"주요업무 - 유저동향분석 시스템, 개발팀 지원 서비스 운영 및 개발 사용언어 및 라이브러리 - Python + Flask - JavaScript, React, Angular, JQuery - Elastic Search..."
https://kr.indeed.com/viewjob?jk=9c4f4236ac42f224,DBA 엔지니어,쏘카 대한민국,,"시계열 데이터베이스(InfluxDB) 구축 운영 경험이 있으신 분 • 자동화를 위한 스크립트 (Shell, Python, Ansible) 지식을 보유하신 분 • 새로운 기술 도입에 대한 오픈 마인드를 가지고 계신 분 전형절차..."
https://kr.indeed.com/viewjob?jk=7fdcd7a7457b1e93,데이터 분석,아프리카TV 경기도 성남,,"의 서비스 이용/소비형태/이상현상과 트렌드 변화가 궁금하신 분 - B2C서비스 데이터 분석 직군에서 데이터 핸들링 경험이 있으신 분 - SQL,Excel,R, Python 등을 이용하여 데이터 추출 또는 분석이 가능하신 분"
https://kr.indeed.com/viewjob?jk=e102ecd63f16bc51,[유명 신용카드사] DW 개발 및 운영 (과장급),제이앤피에이치알컨설팅 서울,,"Presto 등 Hadoop Ecosystem의 이해 필요 - JAVA, Python 개발 경험자 - 프레임워크 외 오픈소스 도입 등의 유연한 사고... 인터넷·IT·통신·모바일·게임>빅데이터·AI(인공지능)> Python"
https://kr.indeed.com/viewjob?jk=aac8e9355cb855ac,[인재풀] 아티스트,Electronic Arts 서울,,Maya or 3D Max등의 아트웍 툴 사용 경험 Max script 또는 Mel Script의 사용 경험 C# 또는 Python 언어에 대한 이해 및 활용 능력 아트웍 관련 툴 제작 또는 플러그인 제작 경험
https://kr.indeed.com/viewjob?jk=166aa0c72e94a266,Business Data Analyst,Soomgo 서울 강남구,,"즈니스에 적용하고 개선한 경험 (Google Optimize, Optimizely, 등) 우대사항 • Python 또는 R 을 사용하여 데이터 분석에 활용 가능 • 경영학, 통계학, 경제학, data analysis 등..."
https://kr.indeed.com/viewjob?jk=6ede042ebe53ba49,RTL 기반 HW IP 설계 엔지니어 (딥러닝 하드웨어 프로세서 개발),딥엑스 성남 분당구,,"모델의 RTL IP 설계 및 IP 검증 가능자 - Language: Python/Perl, C/C++ [우대 조건] - ARM based SoC 설계... 검증 가능자 - Language: Python/Perl, C/C++ [우대..."
https://kr.indeed.com/viewjob?jk=741cc6ac364ea9be,Internal Infra Engineer,Toss 서울 강남구,,분 # 우대 사항 - Nutanix/VMWare 구축 운영 경험이 있으신 분 - Powershell 또는 Python 등을 사용한 시스템 관리 자동화 경험이 있으신 분 - 100명 이상 규모의 L3/L4 네트워크 관리 또는...
https://kr.indeed.com/viewjob?jk=cd5ca556791f1f79,[브랜디] 경영본부/사업본부/개발직군 신입 및 경력,브랜디 서울 강남구,,"수 있는 분 - SQL, R, Python 등 데이터 관련 언어 사용이... 형상관리에 대한 이해 - (경력) 웹 서비스 개발 경험 - (경력) Python 유경험자 - (경력) AWS, Azure 등 클라우드 환경 프로젝트..."
https://kr.indeed.com/viewjob?jk=0923578a7e4eb9d2,배달로봇 dilly 로봇 소프트웨어 개발자(자율주행) (5년이상),우아한 형제들 서울 송파구,,"ROS2) 기반의 이동로봇 개발 경험이 있는 분 - 컴퓨터 비전, 머신러닝 경험이 있는 분 - C/C++, Python 활용이 가능한 분 - 영어문서작성 및 회화 능력을 갖춘 분 - 다양한 직군과의 원활한 협업 및 의사소통..."
https://kr.indeed.com/viewjob?jk=5d2bbe4c649db4f4,DevOps Engineer,Toss 서울 강남구,,"요건 - 4년 이상의 소프트웨어 엔지니어링 혹은 시스템 운영 경험이 있으신 분 - C, Golang, Python, Javascript 중 하나 이상의 언어에 능숙하신 분 - 대규모의 분산환경에서 ELK 기반 metric..."
https://kr.indeed.com/viewjob?jk=eaee1538d8cc832f,메시지발송 플랫폼 개발자,Nexon 성남 분당구,,"개발 가능하면서 python 개발 경험 소유자(또는 Python 개발 가능... NET 또는 python 개발 경력 5년이상 - 자동화를 위한 스크립트(powershell, bash, python 등) 경험 - Windows..."
https://kr.indeed.com/viewjob?jk=dd225d5ae97842c0,[웹젠] 게임보안(경력),웹젠 성남 분당구,,PC/AOS/IOS 어플리케이션 리버싱 가능한 분 - C/C++/ Python/Java 등 개발 능력을 보유한 분 - 암호화 / 네트워크 /DB 등... 리버싱 가능한 분 - C/C++/ Python/Java 등 개발 능력을 보유...
https://kr.indeed.com/viewjob?jk=b95d00f1145e5ef3,(광주취업맛집1위)2021년도 국비 기술교육생,대한상공회의소 광주인력개발원 광주 광산구,,통신·모바일·게임>빅데이터·AI(인공지능)>데이터분석|인터넷·IT·통신·모바일·게임>빅데이터·AI(인공지능)> Python|인터넷·IT·통신·모바일·게임>빅데이터·AI(인공지능)>머신러닝|인터넷·IT·통신·모바일·게임>빅데이터...
https://kr.indeed.com/viewjob?jk=f9dcc4b277dfcebc,[Search] [Vision] Computer Vision Engine...,네이버 서울,,"스템 엔지니어링 · 스마트렌즈 , 이미지 / 동영상 검색 , 비주얼 커머스 서비스 고도화에 기여 [자격요건] · Python, C++, Golang, Scala 등의 백엔드 개발 언어를 1 개 이상 자유롭게 활용 가능한 분..."
https://kr.indeed.com/viewjob?jk=c52b13ca64b943c1,솔루션 엔지니어 (Network Infra),글로벌 네트워크 회사 서울 강남구,,"OpenShipft, Kubernetes, Microsoft Service) * Programming ( Python, JavaScript, Golang etc.) 근무 형태: 정규직 급여: 80,000,000원 - 120..."
https://kr.indeed.com/viewjob?jk=e631d46f39019d13,각 분야별 인재 Pool 등록,지투알 서울,,"자 - 데이터 분석 툴(Adobe Analytics 또는 Google Analytics) 유경험자 우대 - Python, R, SQL 역량 보유자 우대 - 데이터에 기반한 문제해결 능력 및 통계학적 지식 보유자 우대 업무내용..."
https://kr.indeed.com/viewjob?jk=0f7993638aee82bd,Machine Learning Researcher (Intern),Qualcomm Korea YH 서울,,"Adversarial attacks, examples Minimum Qualifications • Python Programming • Deep learning with hands-on experience of deep..."
https://kr.indeed.com/viewjob?jk=668a66da41da83d3,2021년도 국가정보원 연계형 인턴 선발,국가정보원 서울 서초구,,C·C++|인터넷·IT·통신·모바일·게임>응용프로그래머> Python|교육·교사·강사·교직원>IT·문화·직업강사>프로그래밍|인터넷·IT·통신·모바일·게임>웹프로그래머> Python|인터넷·IT·통신·모바일·게임>통신·모바일>보안...
https://kr.indeed.com/viewjob?jk=afeaf9f2fdda7973,"Engr, Apps Dev 3",KLA-Tencor 대한민국,,"working effectively with different cultures. Matlab/ Python experience is a plus. We offer a competitive, family friendly..."
https://kr.indeed.com/viewjob?jk=144c42a3c09caa9b,파이썬 신입 개발자 (정규직),쇼엠 인천 연수구,,실이 있을 경우 채용이 취소될 수 있습니다. 인터넷·IT·통신·모바일·게임>웹프로그래머> Python|인터넷·IT·통신·모바일·게임>응용프로그래머> Python|인터넷·IT·통신·모바일·게임>빅데이터·AI(인공지능)> Python
https://kr.indeed.com/viewjob?jk=39e99c8ed1d40a8f,2021 토스 전 계열사 대규모,비바리퍼블리카 서울 강남구,,게임>빅데이터·AI(인공지능)> Python|인터넷·IT·통신·모바일·게임... 용프로그래머>Linux|인터넷·IT·통신·모바일·게임>응용프로그래머> Python|인터넷·IT·통신·모바일·게임>응용프로그래머>iOS|인터넷·IT·통신...
https://kr.indeed.com/viewjob?jk=f91bdb1160ad64d2,"빅데이터, Python 외 신입 정규직",주)씽크풀 서울 영등포구,,"주)씽크풀 빅데이터, Python 외 신입 정규직 채용 모집부문 및 자격요건 담당업무 자격요건 인원 [담당업무] 파이썬( Python) 콘텐츠 알고리즘... 게임>빅데이터·AI(인공지능)> Python|인터넷·IT·통신·모바일·게임..."
https://kr.indeed.com/viewjob?jk=8fd83c6a728843c0,Data Scientist/Data Engineering 경력사원 공고,LG전자 3.8 서울특별시,,"Text Analytics, 머신러닝/딥러닝 알고리즘 ② 데이터 추출, 가공, 정제 : 상용 ETL 솔루션, Python/R 등을 활용한 데이터 전/후처리 ③ Business Intelligence 시스템 구축 ④ 퍼블릭..."
https://kr.indeed.com/viewjob?jk=89f3e10d77a126bf,Field Service Engineer,Nearfield Instruments 대한민국,,"troubleshooting. Preferably to have coding capability (Matlab, Python...etc... data analysis, visualization, and algorithm..."
https://kr.indeed.com/viewjob?jk=55584c627df1acaa,데이터 분석가/사이언티스트(신입/인턴 가능),쏘카 대한민국,,"Sheet) 등 데이터 분석 도구를 원활히 다루시거나, 앞으로 원활히 다루고자 하는 의지가 높으신 분 • Python, R 등의 프로그래밍 언어 혹은 데이터 분석 언어를 1개 이상 능숙하게 사용 가능하신 분 전형절차 서류..."
https://kr.indeed.com/viewjob?jk=44c01463235ebade,[전문연구요원] 빅데이터 엔지니어(신입/경력),웹젠 성남 분당구,,통합 과정 수료자 포함)로서 전문연구요원 신규편입/전직 대상인 분 - Python 또는 C# 프로그래밍 능력을 보유한 분 - Linux 환경에서 개발... 요원 신규편입/전직 대상인 분 - Python 또는 C# 프로그래밍 능력을...
https://kr.indeed.com/viewjob?jk=c60342e316e77e0c,Data Scientist,LG전자 3.8 서울 영등포구,,"이상) 전공: 통계학, 컴퓨터 공학 등 유사 전공 필요 업무경험 : 1. 데이터 분석/모델링 수행 - R/ Python/SAS 등의 분석 Tool을 활용하여 정형/비정형 데이터 분석 수행 - 대용량 원천 데이터의 탐색적 분석을..."
https://kr.indeed.com/viewjob?jk=9acc17c535b42959,2021년 (신입) 전문연구요원 모집,NHN 4.4 성남 판교역,,"구사 (C++, Java, Python 등) - Openstack 및... 모델링 기법을 활용한 서비스 개발 경험자 우대 - C/C++, Python 등 개발 숙련자 우대 공통지원자격(필수) - 해당 분야 석사 이상..."
https://kr.indeed.com/viewjob?jk=a54f7baa4f06f4c1,광학솔루션사업부 신입 석/박사 수시(R&D분야),LG이노텍 4.1 경기도 안산,,"공정 개발 [경험/역량/우대사항] - 영상처리/컴퓨터 비전/딥러닝 알고리즘 개발 경험자 우대(C/C++, Python, Matlab 등) - 제어 시스템 모델링, 모터 제어 시뮬레이션 Tool 경험자 우대 - 임베디드 시스템..."
https://kr.indeed.com/viewjob?jk=b102b3d8f193a4c1,2021 GEDP (Global Engineering Developmen...,GE Appliances 경기도 성남,,using C programming language Scripting languages like Lua/ Python/JavaScript may also be used if needed Support connected...
https://kr.indeed.com/viewjob?jk=233bbfd9781e846d,"Engr, Tech Supp 3",KLA-Tencor 대한민국,,background Excel macro/code development for log analysis Python Database development for production Open to NCG (New College...
https://kr.indeed.com/viewjob?jk=0d207415a075d21c,Data Scientist (KOREA),No Deviation Pte Ltd 충청북도 청주,,"data visualization - Experience using tools... SAS JMP, Python, Matlab, KNIME, and SIMCA - Experience with developing..."
https://kr.indeed.com/viewjob?jk=68486bb7da29a05b,Sr. Application Engineer - HAV,Mentor Graphics (Korea) LLC 4.0 경기도 성남,,"Proficient in scripting languages used today. (e.g., Perl, Python, various shell scripts/Makefiles, XML, JSON, etc.) Good..."
https://kr.indeed.com/viewjob?jk=2b09f13b5790dd69,2021년 한화시스템 방산부문 프로젝트/기간제 엔지니어 채용(상시),한화그룹 4.2 서울,,분야 경험자 [우대 요건] 무인기 GCS 개발 유경험자 SW시험/분석 도구 개발 유경험자 C/C++/C#/ Python/JAVA 프로그래밍 숙련자 0명 판교 한화인1:1문의하기 활용 지휘통제-SW 계약기간 : 입사 시...
https://kr.indeed.com/viewjob?jk=68c314d4a02b84a6,Field Application Engineer,"Quectel Wireless Solution Co,.LTD 경기도 성남",,"understanding of object-oriented languages Proficiency in Python/Shell and C/C++ and (Linux, Unix) OS environment Familiar..."
https://kr.indeed.com/viewjob?jk=b5b88516a299bbb2,(주)신세계아이앤씨 경력사원 상시,신세계아이앤씨 서울 중구,,"0명 공통사항 -. 자동화 Tool에 대한 이해 보유자 -. JAVA, C, JavaScript, Python, HTML, JSP 등 프로그래밍 언어 개발 경험자... Process 및 Process Mangement에..."
https://kr.indeed.com/viewjob?jk=e7c8c2b11f24fb43,Software Engineer,Google 4.3 서울,,"languages, including... limited to: C++, Java, C and Python. Excellent written and verbal communication skills. About..."
https://kr.indeed.com/viewjob?jk=2ad0f62f50147fa4,국내카드사 DW개발/운영.,제이엔커리어 서울 서초구,,"Presto 등 Hadoop Ecosystem의 이해 필요 - JAVA, Python 개발 경험자 - 프레임워크 외 오픈소스 도입 등의 유연한 사고... 의 이해 필요 - JAVA, Python 개발 경험자 - 프레임워크 외..."
https://kr.indeed.com/viewjob?jk=7cb5c3076d1701db,"Field Applications Engineer, Audio",Dolby 서울,,"High level or detailed knowledge of SOC design. C/C++, python coding skills. Knowledge of music, audio/video production..."
https://kr.indeed.com/viewjob?jk=3b9924be7b4b6c77,[EY컨설팅] 컨설팅본부 TC Digital 팀 인턴 모집,Ernst & Young 4.0 대한민국,,"역량 (관련 동아리/학회 인력 선호) - SQL 또는 Python 활용 능력 필수 - 대학 과제, 동아리활동, Part-time Job 등을 통해 SQL 또는 Python을 실제 사용해 본 경험 필요 - 컨설팅 업무에..."
https://kr.indeed.com/viewjob?jk=aa4f54d9c677fd73,인프라보안,NHN 4.4 성남 판교역,,"영역별 취약점에 대한 충분한 이해 - CVE 보안취약점 분석 및 대응 역량 - C, Java, Python 등을 통한 업무 자동화 및 분석도구 개발 경험 - 리버스 엔지니어링에 능숙하거나 다수의 버그바..."
https://kr.indeed.com/viewjob?jk=5427e21e463b7e42,[TmaxTibero/기술] DBMS 제품 QA 신입 및 경력,티맥스소프트 성남 분당구,,"스트 시나리오 기획/작성, 테스트 및 관리 - 품질관리 시스템 개발 및 유지보수 자격요건 - Java/C/ Python 초급 개발자/경험자 - Unix/Linux 엔지니어 경험자 - IT 관련 학과 4년 대졸자 또는 졸업 예정..."
https://kr.indeed.com/viewjob?jk=18f62dc644a89e0c,2021 Global Data Internship - Seoul (Kor...,Bloomberg 서울,,"work experience using one or more programming language (e.g. Python, JavaScript, SQL, etc.) Prior coursework or involvement..."
https://kr.indeed.com/viewjob?jk=2bafb73f26c69508,[TmaxBI/기술] 빅데이터 플랫폼 QA,티맥스소프트 성남 분당구,,"갖춘자 - ERP/CRM 역량 보유자 - 데이터분석/모델링 역량 보유자 우대사항 - 보유기술: Java, python, RDB, NoSQL, OS(linux), Selenium, docker, Kubernetis - 자격사항..."
https://kr.indeed.com/viewjob?jk=54e0d08c99dcf507,MI(Market Intelligence)담당 마케팅 전략 경력사원,LG전자 3.8 서울 영등포구,,"마케팅 전략/방향성 도출 경험 보유 4) 우대 사항 - 통계 분석 및 프로그래밍 언어 역량 보유: R, python, Java, SPSS, Tableau, etc. - 영어 능통 역량: 해외법인과 영어 화상 회의 및 현지..."
https://kr.indeed.com/viewjob?jk=a22173d071050949,NLP Engineer for AI Startup (remote),MIND AI 서울 • 원격 근무,,"field. * 3+ years programming experience, 2+ years in Python especially in teams. * Thorough understanding of programming..."
https://kr.indeed.com/viewjob?jk=eeb9fe1c361f0758,정보보안 담당자,Nexon 성남 분당구,,보안 이벤트 분석 또는 상관관계 이벤트 분석 능력 보유 - OS 및 네트워크 관련 기초 지식 보유 - python 등의 간단한 스크립트 작성 능력보유 - 타인과의 원활한 커뮤니케이션 자세 - 새로운 기술에 대한 적극적...
https://kr.indeed.com/viewjob?jk=3cf01580ba5eb23a,NLP Researcher,AITRICS 서울,,"Stacks [Back-end] Language: python, golang Python Framework: Django, Bottle [Front... Language: python, golang Python Framework..."
https://kr.indeed.com/viewjob?jk=4bd70fb8a220d90d,[Janssen] Data Scientist,Johnson & Johnson Family of Companies 4.2 서울,,"Expertise in one or more programming languages... R, Python or SAS. 7. Knowledge of relational database architecture..."
https://kr.indeed.com/viewjob?jk=112e58d399a83a19,BIM Manager,SYSTRA 서울,,"Openroads, Navigator. Microsoft: Office 365. IT language: Python (A plus) Others: Dynamo (A plus) Job Segment: Engineer..."
https://kr.indeed.com/viewjob?jk=b30b332cacf6dc2d,OLED 광학 분야 경력사원,LG디스플레이 3.4 서울 마곡역,,"Tool (SETFOS, FEM/FDTD, Lighttools Code V 등) 유경험자 3) Matlab, Python, VBA 활용 데이터처리 가능자 4) ML 경험자 석사 이상 졸업 입사지원은 LG그룹 채용 홈페이지..."
https://kr.indeed.com/viewjob?jk=3202bf1a79e70cb2,Data Scientist,Motion2AI 서울,,"thinking to define unstructured problems - Experience with Python (pandas, numpy), R, SQL... VBA to deal... large..."
https://kr.indeed.com/viewjob?jk=8bf450b32fd92156,석유화학사업본부 DX(Digital Transformation)분야 경력...,LG화학 서울 영등포구,,교육 및 코칭) 필요역량 - 머신러닝/딥러닝/Reinforcement Learning 알고리즘 활용 역량 - Python/C++/Java/C# 프로그램 역량 - Data driven project 발굴/수행/리딩 할 수 있는...
https://kr.indeed.com/viewjob?jk=3d5f8e364a71247e,Software Engineer (Back-end),Streami 서울,,"Experience in JavaScript, Python or Java... one of: Modern Javascript, Java, Python * Experience building and maintaining..."
https://kr.indeed.com/viewjob?jk=b2f89ae15b936d9c,[진행중]우리은행 빅데이터사업부 전문직(데이터분석가(ML/DL)) 채용공...,우리은행 4.5 서울 회현동,,ML/DL 기술을 활용한 분석모델 개발 및 서비스를 적용해 본 경험이 있는자 - 데이터 분석을 위한 언어( Python/R)를 하나 이상 능숙하게 다룰 수 있는자 우대사항 - 금융분야 ML/DL 관련 업무 경력 2년...
https://kr.indeed.com/viewjob?jk=9fe4755841bec8ce,"데이터 분석 및 컨설팅 분야 (Python, SAS, 빅데이터) 경력직",한국정보기술단 과천 과천시,,"데이터 분석 및 컨설팅 분야 ( Python, SAS, 빅데이터) 경력직... 대졸 이상 (학사 이상 우대) - 데이터 분석 분야 경력 2년 이상 ( Python, R, SAS 기반의 DATA Preparation, 통계, 머신러..."
https://kr.indeed.com/viewjob?jk=efb69a29d8bd7514,2021년 IITP 주관 글로벌핵심인재양성 지원사업,정보통신기획평가원 대전 유성구,,인공지능)>빅데이터|인터넷·IT·통신·모바일·게임>빅데이터·AI(인공지능)>인공지능(AI)|인터넷·IT·통신·모바일·게임>빅데이터·AI(인공지능)> Python|인터넷·IT·통신·모바일·게임>빅데이터·AI(인공지능)>데이터분석
https://kr.indeed.com/viewjob?jk=71c47ac87bb4087e,기술 인턴 인공지능 응용 연구/개발 인턴,써로마인드로보틱스 서울 관악구,,"6개월) (협의) *모집 절차: 서류 à인터뷰(오프라인) *지원 자격: 프로그래밍 언어 활용 능력: Python, C, C++ 중 1가지 이상 데이터구조, 알고리즘 과목 이수 머신러닝과 딥러닝의 기본 개념 이해 머신러닝..."
https://kr.indeed.com/viewjob?jk=e8a4630bec0783e8,2021 Market Data Analyst - Seoul,Bloomberg 서울,,"work experience using one more programming language... Python, SQL and R Fluency in Korean and English (both spoken..."
https://kr.indeed.com/viewjob?jk=4adac8923476d038,프랭클린템플턴투신운용 Junior Trader (Quant base 필수...,프랭클린템플턴투신 대한민국,,"object-oriented programming and intermediate programming proficiency in Python, R or MATLAB, and SQL are essential. Licenses..."
https://kr.indeed.com/viewjob?jk=a6357089799f9975,Deep Learning R&D Engineer,Intel 4.1 서울,,"Caffe, and MxNet Strong programming skills with C/C++ and Python Experiences on programming and testing on Linux environment..."
https://kr.indeed.com/viewjob?jk=27ea6faf6a8516fd,퀀트 개발자 (Quant Developer),ATZ Inc. 서울,,any... following languages. (C/C++/C#/ Python/Java/Node.js)* Experience with R... languages) C/C++/C#/ Python/Java R/Excel...
https://kr.indeed.com/viewjob?jk=c8bf4fa58999927f,AI 분야 박사 신입/경력,LG CNS 3.7 서울특별시,,"이상 (AI 관련 논문 발표) ② AI/딥러닝 알고리즘 연구개발 프로젝트 경험 ③ Ubuntu Linux, Python, Tensorflow, PyTorch 사용 중상급 이상 우대사항(해당 내용 중 1개 이상) ① AI/머신..."
https://kr.indeed.com/viewjob?jk=6b86ea39985912b6,TOAST Cloud 사업기획/영업,NHN 4.4 성남 판교역,,"Linux, Microsoft Solutions 등) - 2년 이상의 개발 경험 (Java, Python 등) - 기술 문서 작성 및 가이드 경험이 풍부한 자 - 대외 고객 기술 지원 경험 공통지원자격..."
https://kr.indeed.com/viewjob?jk=afe92c03320fe1b3,카카오 광고 서비스 알고리즘 및 시스템 개발,카카오 4.0 성남 판교역,,"함께 하고 싶습니다. 지원자격(공통) 하나 이상의 프로그래밍 언어에 익숙한 분 (C/C++, Java, Python, Go, Scala 등) [알고리즘 개발 업무 관련 지원 경우] 데이터 마이닝 또는 머신러닝 지식/경험이..."
https://kr.indeed.com/viewjob?jk=56add096e14a7879,AI 연구 및 개발 직군 모집,넷마블 서울 구로구,,"웹 서비스 구축 등 자격요건 - Python 에 능숙하고 C/C++ 혹은... 위한 클라우드/ Rest-API / 웹서비스 구축 등 자격요건 - Python에 능숙하고 C/C++ , C#등 언어에 대한 활용능력 - 딥러닝 프레..."
https://kr.indeed.com/viewjob?jk=9ab2041ab3380a21,카카오톡 안티어뷰징을 위한 데이터/백엔드 엔지니어 및 머신러닝 전문가 모...,카카오 4.0 성남 판교역,,"Engineer, Data Scientist 해당 분야에서 활용되는 언어 및 도구를 능숙하게 다룰 수 있는 분( Python, Scala, PyMC, PySpark, Tensorflow 등) 우대 사항 컨테이너 환경에서의..."
https://kr.indeed.com/viewjob?jk=eed3a8831600f82e,Staff RFFE Production Test Engineer,Qualcomm Korea RFFE Limited 서울,,"so on) Skills in scripting language programming... C++, Python and Perl. Hands-on experience on lab equipment..."
https://kr.indeed.com/viewjob?jk=db26147e9223e38a,[L'Oreal Korea] IT Business Analyst,L'Oreal 4.1 서울,,"outcomes Proficiency in SQL Proficiency... least one of Python (preferred), Java, or C++ Strong understanding and hands..."
https://kr.indeed.com/viewjob?jk=9a79000f44a1e214,"Manager Consumer Data Seoul, South Korea...",Philip Morris International 4.2 서울,,"functions • Significant proficiency in SQL, R... Python • Proficient user of MS Power Pivot, Power View, Power BI..."
https://kr.indeed.com/viewjob?jk=ad07d6a330fb619a,TOAST Cloud 운영 및 기술지원,NHN 4.4 성남 판교역,,"Linux, Microsoft Solutions 등) - 2년 이상의 개발 경험 (Java, Python 등) - 기술 문서 작성 및 가이드 경험이 풍부한 자 - 대외 고객 기술 지원 경험 - Windows..."
https://kr.indeed.com/viewjob?jk=85929aac498299cc,데이터 사이언스 전문가 및 머신러닝 전문가 모집,카카오 4.0 성남 판교역,,명시해 주시기 바랍니다. 지원자격 개발 경력 2년 이상 머신 러닝/데이터 사이언스를 위한 언어(R/ Python/Scala) 및 도구(scikit-learn/Spark MLlib/Tensorflow/Pytorch 등)를...
https://kr.indeed.com/viewjob?jk=e0e37aaebc73dde3,지표구축,아프리카TV 경기도 성남,,"대시보드 플랫폼의 활용이 가능하신분 - 새로운 서비스 출시후 모니터링이나 트랜드 확인이 가능하도록 설계나 지원이 가능하신분 - SQL,Excel,R, Python 등을 이용하여 데이터 추출 또는 분석이 가능하신 분"
https://kr.indeed.com/viewjob?jk=089931931a0474d5,소형전지사업부/기술혁신센터,삼성SDI 3.9 충청남도 천안,,"천안 전공분야 - 컴퓨터/시스템 전자/전기 기계/산공 전문지식 - Java, C#, C++, Python - Oracle (PL/SQL) - Automod, VisualComponent - 통신프로그래밍 경험..."
https://kr.indeed.com/viewjob?jk=db1597cbe1aac52e,열정있는 데이터엔지니어(DB엔지니어 및 데이터분석가)를 모집합니다.,(주)비트나인 서울 강서구,,"지식을 보유하신 분 - Java, Python 등 개발을 경험해보신 분... 업무를 수행할 수 있는 하나 이상의 언어 스킬 필수 (예. SQL, Python 등) - 데이터 기반 프로젝트 경험이 있으신 분 - 어떤 일이라도..."
https://kr.indeed.com/viewjob?jk=70767c5d54149524,정보전략 담당자 모집,넷마블 서울 구로구,,분 - 시스템 개발 또는 IT PM/PL 경력 3년 이상 보유하신 분 - Spring(혹은 .NET)과 Python 프로그래밍 능력을 보유하신 분 - 전략적 사고 역량을 보유하신 분 우대사항 - 관련분야 석/박사 학위 소유자...
https://kr.indeed.com/viewjob?jk=5efc4afdac9d87aa,AI/딥러닝기반 머신비전 비전센터 상반기 공개,유토시스 경기도 화성,,"상처리응용S/W -. 딥러닝 모델링 [자격요건] -. 학력 : 대졸이상 -. MFC, C++, C# 또는 Python 경험자 -. 딥러닝 알고리즘 개발 경험자 -. 국내/외 출장 가능자 [우대사항] -. 수학/물리/통계/컴퓨..."
https://kr.indeed.com/viewjob?jk=01296857655fc85f,(주)신세계아이앤씨 AI/클라우드 부문 상시,신세계아이앤씨 서울 중구,,"험자 -. Programming : Python, Java, Node.js... 구축 프로젝트 PM or AA 경험자 -. Programming : Python, Java, Node.js, Ruby, .NET, Scala ※ 상기..."
https://kr.indeed.com/viewjob?jk=df21e3bb5d773616,Python Programmer,Mofac 서울 서초구,,개발 – JAVA 프로그래밍(라이브러리 활용) – Spring 프레임 워크 개발 – Python API 프로그래밍 우대사항 – Python 개발 경험 – Open Source 라이브러리 개발경험 – Web 표준에 대한 경험...
https://kr.indeed.com/viewjob?jk=8188fd96cce5bddc,[우수훈련기관]전액무료 IT교육받고 취업하자,휴먼교육센터 청주 흥덕구,,UI 개발자 데이터베이스 개발자 AI활용 소프트웨어 개발자 JAVA& Python개발자 접수방법 및 접수기간 접수기간 : 2021년 02월 17일까지... 게임>빅데이터·AI(인공지능)> Python|인터넷·IT·통신·모바일·게임...
https://kr.indeed.com/viewjob?jk=d7aaaa2b192f4d94,백엔드 개발자,스포카 서울 강남구,,들고 운영해 본 경험이 있는 분 단위 테스트 작성 등에 대해 거부감이 없고 습관이 잡혀 있는 분 우대 사항 Python을 실무에서 사용한 경험이 있으신 분 컴퓨터과학 분야에서 논문 발표 실적이 있으신 분 마이크로서비스 아키텍...
https://kr.indeed.com/viewjob?jk=0485e434e6335e2e,초지향 스피커용 신호처리 알고리즘(신입 및 경력) 개발자,제이디솔루션 서울 금천구,,전공 또는 신호처리 경험자 - DSP(TI 또는 ADSP) 및 STM32F Series 개발 경험자 - Python / Matlab 등 시뮬레이션 툴 사용 가능자 0 명 근무조건 고용형태: 정규직(수습기간3개월) 급여조건...
https://kr.indeed.com/viewjob?jk=7bf179a290a157b2,경험최적화파트 - 머신러닝 엔지니어,Nexon 성남 분당구,,모델 개발 - 머신러닝을 위한 솔루션 프로토타이핑 - 머신러닝 파이프라인 설계 및 구축 지원자격 - Python에 숙련된 프로그래밍 능력과 머신러닝 라이브러리 활용 경험 - 머신러닝과 강화학습에 관련된 지식 습득 혹은...
https://kr.indeed.com/viewjob?jk=33c8275cb3504d12,BigDate 플래폼 S/W 엔지니어(Infra),에스케이플래닛 성남 분당구,,인터넷·IT·통신·모바일·게임>빅데이터·AI(인공지능)>빅데이터|인터넷·IT·통신·모바일·게임>응용프로그래머>JAVA|인터넷·IT·통신·모바일·게임>응용프로그래머> Python
https://kr.indeed.com/viewjob?jk=941687b6bbb14d81,웹 개발자 경력 Java/Php/Javascript/Python/Html...,바이오브레인 대전 서구,,"(주)바이오브레인 웹 개발자 경력 채용 모집부문 및 자격요건 담당업무 자격요건 인원 [담당업무] ㆍ웹 기반 프로젝트 개발 및 운영 [근무부서 및 직급/직책] 직급/직책: 대리 [자격요건] ㆍJava, Php..."
https://kr.indeed.com/viewjob?jk=d13fce11058e6cf1,보안 모니터링 시스템 개발 및 운영 담당자 모집,카카오 4.0 성남 판교역,,"이터 분석을 위한 SIEM/ETL 플랫폼 개발/운영 지원자격 기본사항 경력 5년 이상 Java, Python 등의 언어로 개발 가능자 기본적인 웹 개발 및 Back-End 개발 가능자 DBMS 혹은 빅데이터(NoSQL..."
https://kr.indeed.com/viewjob?jk=5b2574aec8e1d083,딥러닝 개발자 정규직,바이오에이아이 서울 강남구,,"라우드 기반 인프라 활용 - 데이터 수집, 전처리, 통합 자격 조건 - 데이터, 딥러닝 분야에 대한 이해 - Python 코딩능력 - 리눅스 사용 경험 우대 사항 - 영어 리딩 능력 - 의약분야 프로젝트 경험 - 플랫폼개발에..."
https://kr.indeed.com/viewjob?jk=d7d14d531a072930,BigDate 플래폼 S/W 엔지니어(Ingestion),에스케이플래닛 성남 분당구,,인터넷·IT·통신·모바일·게임>응용프로그래머>JAVA|인터넷·IT·통신·모바일·게임>응용프로그래머> Python|인터넷·IT·통신·모바일·게임>응용프로그래머>Linux|인터넷·IT·통신·모바일·게임>응용프로그래머>Unix
https://kr.indeed.com/viewjob?jk=ad3dfd853ea7ef40,Credit Risk 모델러,Toss 서울 강남구,,"에 대한 폭넓은 이해와 분석적 능력을 보유하신 분 - SAS, SQL, KnowlegeSEEKER, Python, R 등 Tool사용 가능하신 분 - 원활한 커뮤니케이션 가능하신 분 # 우대 사항 - 바젤 및 IFRS9관련..."
https://kr.indeed.com/viewjob?jk=917cc06120add6e1,Data Scientist,Soomgo 서울 강남구,,년 이상 경력자 • Stakeholder와의 원활한 커뮤니케이션 능력 • SQL 능숙하게 활용 가능한 분 • Python을 활용한 수학적 통계 분석 및 모델링 가능한 분 • 다양한 머신러닝 알고리즘을 적재적소에 활용해본 경험...
https://kr.indeed.com/viewjob?jk=fdb761cfbc5307bd,[Biz] 광고 AI 조직 AI/ML/Backend/Data Engine...,네이버 서울,,"워크 기반 개발 가능하신 분 - Python, Java, Scala 중 1... 네이버 사용자 관련 Feature Store 구축 [자격요건] - Python, Java, Kotlin, Scala 중 1개 이상의 언어를 활용한..."
https://kr.indeed.com/viewjob?jk=7df915e1f0f86b2d,Software Architecture 설계 엔지니어,딥엑스 성남 분당구,,경험 - Windows/Linux 상에서 C++/ Python 언어 사용 개발 경험 - C++ / Python 언어 사용 개발 경험 - 객체지향 설계에... 게임>빅데이터·AI(인공지능)> Python|인터넷·IT·통신·모바일·게임...
https://kr.indeed.com/viewjob?jk=e27c921dfbf357ac,네이버 클라우드 플랫폼 기술지원,NIT Service 성남 삼평동,,"클라우드 서비스 운영 경험 (AWS, Azure, KT Cloud 등) - Shell Script, Python 활용 가능 - 국가보훈대상자 및 장애인은 법령에 의거 우대 (※입사지원 시 보훈/장애사항 체크 필수..."
https://kr.indeed.com/viewjob?jk=9a0695002b7ffb96,[청년디지털일자리] 파이썬(Excel 활용) 업무 전자 부품 등록/관리,성호전자 서울 금천구,,대학 마지막 학기 졸업예정자이면서(고교생은 교육과정 종료시) 바로 근무 가능한 경우는 가능) 인터넷·IT·통신·모바일·게임>빅데이터·AI(인공지능)> Python|인터넷·IT·통신·모바일·게임>전산·IT기술지원>IT기술지원
https://kr.indeed.com/viewjob?jk=a3a65a4d59061430,위시켓과 함께할 서버개발자님,위시켓 서울 강남구,,"를 활용한 정적 페이지 연계 - Docker, Jenkins 등을 활용한 CI/CD 개선 자격조건 - Python 기반의 프레임워크를 이용한 웹서비스 구축 또는 운영 경험 - Django 기반의 웹 서비스 구축 또는 운영..."
https://kr.indeed.com/viewjob?jk=e77aa802761fd34d,혁신성장 클라우드 아카데미 4기 교육생,한국클라우드컴퓨팅연구조합 서울,,로그래머>가상현실(VR)|인터넷·IT·통신·모바일·게임>응용프로그래머> Python|인터넷·IT·통신·모바일·게임>웹프로그래머>ASP|인터넷·IT·통신... 통신·모바일·게임>웹프로그래머> Python|인터넷·IT·통신·모바일·게임...
https://kr.indeed.com/viewjob?jk=4f319862856fe9c1,"Software Engineer, Machine Learning",Google 4.3 서울,,Machine Learning or AI. Programming experience in C++ and Python. Preferred qualifications: PhD or equivalent experience...
https://kr.indeed.com/viewjob?jk=57e0679a1129c28a,프로그래머 (어플리케이션 개발자 또는 웹개발자),오너클랜 서울 금천구,,인터넷·IT·통신·모바일·게임>응용프로그래머>자바스크립트|인터넷·IT·통신·모바일·게임>응용프로그래머> Python|인터넷·IT·통신·모바일·게임>응용프로그래머>C#|인터넷·IT·통신·모바일·게임>웹프로그래머>웹개발|인터넷...
https://kr.indeed.com/viewjob?jk=5a299cf580491445,게임 데이터 분석가,쿡앱스 성남 분당구,,"데이터를 기반으로 한 커뮤니케이션 능력을 갖추신 분 수리적 직관 및 통찰력을 가지고 계신 분 우대사항 R, Python,Scala,SQL등의 툴을 이용한 데이터 분석 업무경험이 있으신 분 데이터 마이닝 및 머신러닝 관련 지식을..."
https://kr.indeed.com/viewjob?jk=cae2de07045cfb2b,"Java, Python 영상툴 개발자",에이아이메이커 서울 마곡동,,원하면 가능) 담당업무 - 영상 라벨링 Tool 개발 - Tool 정확성 개선 자격요건 - Java - Python 우대사항 - 관련 개발 경력 - 툴개발 경력 근무조건 - 월~금 AM9:30 ~ PM18:30 복지...
https://kr.indeed.com/viewjob?jk=58ceabf36eb5519a,Front-end Developer,"WiKi Security Co., Ltd. 서울",,"HTML5, AngularJS, VUEJS, NODEJS, ELK Stack, GitLab/GitHub, Python o (Preferred) English Writing/Speaking/Reading/Listening..."
https://kr.indeed.com/viewjob?jk=f4190a8dbb8c05b1,[AI R&D] Language AI(NLP) Research 분야 수시...,엔씨소프트 2.7 성남 판교역,,"분 - 통계/Machine Learning에 대한 이해와 활용 능력 및 text 처리 기술에 대한 경험 - Python, Java 등을 이용하여 NLP 기술을 구현 가능한 분 - 최신 기술(논문, 기술문서 등)을 습득하는..."
https://kr.indeed.com/viewjob?jk=120afff973595803,Software Engineer (Blockchain MainNet),Streami 서울,,"향상 및 유지보수 ## 자격요건 * 블록체인 기술과 서비스 개발에 대한 관심 * JavaScript, Python, Java, Go 중 1개 이상의 언어의 사용 경험 * 신 기술 습득에 흥미가 있으신 분 * 자료구조..."
https://kr.indeed.com/viewjob?jk=754be9e3d78fa802,2021년 상반기 R&D 개발자 (병역특례 가능/경력 무관),네오스텍 인천 연수구,,"담당업무: - 블루투스 메시 기반 위치 추적 솔루션 개발 - 상기 솔루션의 임베디드 펌웨어 개발 - C(필수), Python, Javascript 프로그래밍 언어 사용 - 기술 지원 [자격요건] 경력사항: 무관 (신입도 지원..."
https://kr.indeed.com/viewjob?jk=98569acf584e0b31,Front-end 개발자,(주)위키시큐리티 서울,,"HTML5, AngularJS, VUEJS, NODEJS, ELK Stack, GitLab/GitHub, Python o (우대) 정보통신 분야의 전문대/대학 졸업자 o (우대) 영어 쓰기/말하기/읽기/듣기 잘 하시는 분..."
https://kr.indeed.com/viewjob?jk=d83fc0dd2641f483,전문연구요원 (병역특례) 수시 (AI / SW 분야),딥엑스 성남 분당구,,요구 능력] - ASM/C/C++/ Python 언어 코딩 기술 - 운영체제... 경험 - Windows/Linux 상에서 C++/ Python 언어 사용 개발 경험 - C++ / Python 언어 사용 개발 경험 - 객체지향 설계에...
https://kr.indeed.com/viewjob?jk=fdd1ec500461c093,"프론트엔드, 백엔드 개발 경력 정규직",토이스미스 서울 강남구,,"으로도 지원 가능 우대사항 l JavaScript 이외의 개발언어 능력 (JAVA, TypeScript, Python 등) l Node & React 스택의 개발자 l Spring Framework 및 오픈소스 활용 경험 l..."
https://kr.indeed.com/viewjob?jk=39484cfed2e71df9,기계학습 전문가 모집,엔씨소프트 2.7 성남 판교역,,"기간 : 2년 ~ 10년 필수조건 - 딥러닝 또는 강화학습 관련 전문 지식 및 R&D 경험 필수 - R&D에 python을 능숙하게 활용 할 수 있어야 하며, pytorch, tensorflow 등 딥러닝 라이브러리를 업무에..."
https://kr.indeed.com/viewjob?jk=b40a553df450c1b4,[데이타게이트 코리아] IT지원 기술자/개발자,데이타게이트코리아 서울 구로구,,Platform 사용 경험자 ㆍApache OSS(Open Source Software) 사용 경험자 ㆍJava/ Python 개발 경험자 0 명 근무조건 고용형태: 정규직(수습기간3개월) 근무부서: 솔루션사업팀 인근전철역...
https://kr.indeed.com/viewjob?jk=dd4d8e59a4a9265d,Data Specialist (Scientist&&Engineer),아우름플래닛 서울 마포구,,"Tensorflow, Keras, Pytorch, Theano 등)를 하나 이상 사용할 수 있는 분 • R, Python, Scala, SQL 등을 이용한 데이터 분석 및 프로그램 개발 능력이 있는 분 • 데이터 분석 기법..."
https://kr.indeed.com/viewjob?jk=b4c6146c52b4dc2b,(주)테라젠바이오 데이터과제팀 계약직,테라젠바이오 수원 영통구,,"등 한 가지 이상의 Back-end Framework 경험 - Git 등의 협업 툴 사용 우대사항: - Python 사용 경험 - Linux 숙련자 - 컨테이너(Docker, k8s), 클라우드 경험 0 명 근무조건 고용형태..."
https://kr.indeed.com/viewjob?jk=e589aeb5e431aa03,신사업추진 연구(보조)원,에너밸리 광주 북구,,"경력 : 3년 이상 - 모바일(하이브리드 기반) 어플리케이션 개발 - 백엔드 및 프론트 개발(자바 또는 Python) ? 필요능력 - 모바일 앱(하이브리드, 안드로이드, ios) 개발 경험 보유자 - java 개발 가능자..."
https://kr.indeed.com/viewjob?jk=116009dbf59211ed,퍼즐데이터 역량있는 데이터 분석가,주식회사퍼즐데이터 서울 역삼동,,"데이터 마이닝 및 통계분석에 대한 전반적인 이해 3. 관련분야(산업공학, 통계 등) 전공 4. R or Python 사용 능력 * 이런 분은 더욱 좋아요. 1. 프로세스 마이닝 지식 보유자 2. 관련분야 대학원 전공 3..."
